{
  "$schema": "https://developer.microsoft.com/json-schemas/spfx-build/package-solution.schema.json",
  "solution": {
    "name": "jarbis-client-side-solution",
    "id": "74555499-1bb7-48f6-9252-599a625d7f12",
    "version": "1.0.0.0",
    "includeClientSideAssets": true,
    "skipFeatureDeployment": true,
    "isDomainIsolated": false,
    "developer": {
      "name": "",
      "websiteUrl": "",
      "privacyUrl": "",
      "termsOfUseUrl": "",
      "mpnId": "Undefined-1.16.0"
    },
    "metadata": {
      "shortDescription": {
        "default": "jarbis description"
      },
      "longDescription": {
        "default": "jarbis description"
      },
      "screenshotPaths": [],
      "videoUrl": "",
      "categories": []
    },
    "features": [
      {
        "title": "jarbis Feature",
        "description": "The feature that activates elements of the jarbis solution.",
        "id": "9b37022f-eacb-43dd-9f1c-3ac035d22bfd",
        "version": "1.0.0.0"
      }
    ]
  },
  "paths": {
    "zippedPackage": "solution/jarbis.sppkg"
  }
}
