{
  "@microsoft/generator-sharepoint": {
    "plusBeta": false,
    "isCreatingSolution": true,
    "nodeVersion": "16.18.1",
    "sdksVersions": {
      "@microsoft/microsoft-graph-client": "3.0.2",
      "@microsoft/teams-js": "2.4.1"
    },
    "version": "1.16.0",
    "libraryName": "jarbis",
    "libraryId": "74555499-1bb7-48f6-9252-599a625d7f12",
    "environment": "spo",
    "packageManager": "npm",
    "solutionName": "jarbis",
    "solutionShortDescription": "jarbis description",
    "skipFeatureDeployment": true,
    "isDomainIsolated": false,
    "componentType": "webpart"
  }
}
